data,time_start,time_stop,count_move,caps_num,size_rect,count_rect,screen
20200101,010101,010101,0,0.0,0,0,none
20200426,000555,003600,2211,1806382.3333333335,1432.5,3,20200426-000555-003600.jpg
20200426,003605,010610,22541,1809933.3333333335,2779.0,6,20200426-003605-010610.jpg
