data,time_start,time_stop,count_move,caps_num,size_rect,count_rect,screen
20200101,010101,010101,0,0.0,0,0,none
20200425,190613,191618,484,609933.3333333334,8939.0,7,20200425-190613-191618.jpg
20200425,191623,192628,61,609933.3333333334,1909.0,1,20200425-191623-192628.jpg
20200425,192633,193638,79,609933.3333333334,841.5,1,20200425-192633-193638.jpg
20200425,193643,194648,58,609933.3333333334,505.0,2,20200425-193643-194648.jpg
