data,time_start,time_stop,count_move,caps_num,screen
20200101,010101,010101,0,0.0,none
20200424,110619,111624,98,609933.3333333334,20200424-110619-111624.jpg
20200424,111629,112634,77,609933.3333333334,20200424-111629-112634.jpg
20200424,112639,113644,10787,609933.3333333334,20200424-112639-113644.jpg
20200424,113649,114654,16370,609933.3333333334,20200424-113649-114654.jpg
20200424,114659,115704,15009,609933.3333333334,20200424-114659-115704.jpg
20200424,115709,120714,12780,605782.3333333334,20200424-115709-120714.jpg
