data,time_start,time_stop,count_move,caps_num,size_rect,count_rect,screen
20200101,010101,010101,0,0.0,0,0,none
20200426,000555,003600,2211,1806382.3333333335,1432.5,3,20200426-000555-003600.jpg
20200426,003605,010610,22541,1809933.3333333335,2779.0,6,20200426-003605-010610.jpg
20200426,010615,013620,114,1809182.3333333335,1589.5,2,20200426-010615-013620.jpg
20200426,013625,020630,6990,1809933.3333333335,23521.5,5,20200426-013625-020630.jpg
20200426,020635,023640,192,1809140.3333333335,1574.5,1,20200426-020635-023640.jpg
20200426,023645,030650,43477,1809933.3333333335,2216.0,7,20200426-023645-030650.jpg
20200426,030655,033700,42371,1809382.3333333335,2841.5,8,20200426-030655-033700.jpg
20200426,040636,043641,24502,1808482.3333333335,27872.5,6,20200426-040636-043641.jpg
