data,time_start,time_stop,count_move,caps_num,screen
20200101,010101,010101,0,0.0,none
20200424,110619,111624,98,609933.3333333334,20200424-110619-111624.jpg
20200424,111629,112634,77,609933.3333333334,20200424-111629-112634.jpg
